{
  "IcoMoonType": "selection",
  "icons": [
    {
      "icon": {
        "paths": [
          "M1024 512c0 282.77-229.23 512-512 512s-512-229.23-512-512c0-282.77 229.23-512 512-512s512 229.23 512 512z",
          "M736.78 512c0 124.143-100.638 224.78-224.78 224.78s-224.78-100.638-224.78-224.78c0-124.143 100.638-224.78 224.78-224.78s224.78 100.638 224.78 224.78z"
        ],
        "attrs": [
          {
            "fill": "rgb(26, 190, 132)"
          },
          {
            "fill": "rgb(251, 143, 29)",
            "stroke": "rgb(255, 255, 255)",
            "strokeLinejoin": "miter",
            "strokeLinecap": "butt",
            "strokeMiterlimit": "4",
            "strokeWidth": 74.92682926829269
          }
        ],
        "isMulticolor": true,
        "isMulticolor2": true,
        "grid": 0,
        "tags": [
          "logo"
        ],
        "colorPermutations": {
          "2511432912552552551261901321": [
            {
              "f": 0
            },
            {
              "f": 1,
              "s": 2
            }
          ]
        }
      },
      "attrs": [
        {
          "fill": "rgb(26, 190, 132)"
        },
        {
          "fill": "rgb(251, 143, 29)",
          "stroke": "rgb(255, 255, 255)",
          "strokeLinejoin": "miter",
          "strokeLinecap": "butt",
          "strokeMiterlimit": "4",
          "strokeWidth": 74.92682926829269
        }
      ],
      "properties": {
        "order": 12,
        "id": 11,
        "name": "logo",
        "prevSize": 32
      },
      "setIdx": 0,
      "setId": 2,
      "iconIdx": 0
    },
    {
      "icon": {
        "paths": [
          "M536.96 855.424l256 156.075c49.963 31.232 106.155-12.459 93.653-68.693l-68.693-293.461 231.040-199.765c43.733-37.461 18.773-106.155-37.461-112.427l-299.691-24.96-118.613-274.731c-10.812-22.335-33.303-37.466-59.328-37.466s-48.516 15.13-59.157 37.074l-0.171 0.391-118.613 280.96-299.733 25.003c-56.192-0-74.923 68.693-37.419 106.155l231.040 199.765-68.693 293.504c-12.501 56.192 43.691 93.653 93.653 68.693l262.229-156.16z"
        ],
        "attrs": [],
        "width": 1109,
        "isMulticolor": false,
        "isMulticolor2": false,
        "grid": 0,
        "tags": [
          "Star"
        ],
        "colorPermutations": {
          "2511432912552552551261901321": []
        }
      },
      "attrs": [],
      "properties": {
        "order": 13,
        "id": 10,
        "name": "Star",
        "prevSize": 32
      },
      "setIdx": 0,
      "setId": 2,
      "iconIdx": 1
    },
    {
      "icon": {
        "paths": [
          "M700.058 968.294l-47.258-329.882c0.181-13.797 8.995-25.488 21.279-29.932l0.225-0.071 330.65-47.104c12.902 0 21.504-12.902 21.504-30.003l-25.754-184.269c0-12.8-12.902-21.402-30.106-21.402l-330.701 47.104c-13.794-0.142-25.501-8.92-29.983-21.178l-0.072-0.224-47.155-329.933c0-12.8-12.902-21.402-30.106-21.402l-184.73 25.702c-12.851 0-21.453 12.851-21.453 30.003l47.258 329.882c-0.181 13.797-8.995 25.488-21.279 29.932l-0.225 0.071-330.701 47.104c-12.851 0-21.453 12.902-21.453 30.003l25.754 184.269c0 12.8 12.902 21.402 30.054 21.402l330.752-47.104c13.794 0.142 25.501 8.92 29.983 21.178l0.072 0.224 47.206 329.933c0 12.8 12.902 21.402 30.054 21.402l184.678-25.702c12.509-4.515 21.323-16.207 21.504-29.981l0-0.022z"
        ],
        "attrs": [],
        "width": 1075,
        "isMulticolor": false,
        "isMulticolor2": false,
        "grid": 0,
        "tags": [
          "dagger"
        ],
        "colorPermutations": {
          "2511432912552552551261901321": []
        }
      },
      "attrs": [],
      "properties": {
        "order": 14,
        "id": 8,
        "name": "dagger",
        "prevSize": 32
      },
      "setIdx": 0,
      "setId": 2,
      "iconIdx": 2
    },
    {
      "icon": {
        "paths": [
          "M246.101 46.592l463.189 496.469c58.027 61.952 144.725 61.952 202.752 0l463.189-496.64c58.027-61.952 144.725-61.952 202.752 0 57.856 62.123 57.856 155.307 0 217.259l-665.941 713.728c-58.027 62.123-144.725 62.123-202.752 0l-665.941-713.728c-26.848-28.196-43.366-66.441-43.366-108.544s16.518-80.348 43.427-108.609l-0.061 0.065c58.027-62.123 144.896-62.123 202.752 0z"
        ],
        "attrs": [],
        "width": 1707,
        "isMulticolor": false,
        "isMulticolor2": false,
        "grid": 0,
        "tags": [
          "arrow"
        ],
        "colorPermutations": {
          "2511432912552552551261901321": []
        }
      },
      "attrs": [],
      "properties": {
        "order": 16,
        "id": 6,
        "name": "arrow",
        "prevSize": 32
      },
      "setIdx": 0,
      "setId": 2,
      "iconIdx": 4
    },
    {
      "icon": {
        "paths": [
          "M1024 512c0 282.77-229.23 512-512 512s-512-229.23-512-512c0-282.77 229.23-512 512-512s512 229.23 512 512z",
          "M736.78 512c0 124.143-100.638 224.78-224.78 224.78s-224.78-100.638-224.78-224.78c0-124.143 100.638-224.78 224.78-224.78s224.78 100.638 224.78 224.78z"
        ],
        "attrs": [
          {},
          {
            "strokeLinejoin": "miter",
            "strokeLinecap": "butt",
            "strokeMiterlimit": "4",
            "strokeWidth": 74.92682926829269
          }
        ],
        "isMulticolor": true,
        "isMulticolor2": true,
        "grid": 0,
        "tags": [
          "logo"
        ],
        "colorPermutations": {
          "2511432912552552551261901321": [
            {},
            {}
          ]
        }
      },
      "attrs": [
        {},
        {
          "strokeLinejoin": "miter",
          "strokeLinecap": "butt",
          "strokeMiterlimit": "4",
          "strokeWidth": 74.92682926829269
        }
      ],
      "properties": {
        "order": 17,
        "id": 5,
        "name": "logo2",
        "prevSize": 32
      },
      "setIdx": 0,
      "setId": 2,
      "iconIdx": 5
    },
    {
      "icon": {
        "paths": [
          "M741.469 0h-458.938c-156.038 0-282.531 126.493-282.531 282.531v0 458.938c0 156.038 126.493 282.531 282.531 282.531v0h458.938c156.038 0 282.531-126.493 282.531-282.531v0-458.938c0-156.038-126.493-282.531-282.531-282.531v0zM933.097 741.469c-0.132 105.78-85.848 191.495-191.615 191.628l-458.951 0c-105.78-0.132-191.495-85.848-191.628-191.615l-0-0.013v-458.938c0.395-105.674 85.954-191.232 191.59-191.628l0.038-0h458.938c105.78 0.132 191.495 85.848 191.628 191.615l0 0.013v458.938z",
          "M512 248.413c-145.408 0-264.332 118.179-264.332 263.587 0.132 145.933 118.399 264.199 264.319 264.332l0.013 0c145.949-0.133 264.226-118.425 264.332-264.368l0-0.010c0-145.361-118.924-263.54-264.332-263.54zM512 685.475c-95.418 0-173.428-77.265-173.428-172.684 0.745-96.209 78.010-173.475 173.428-173.475s173.428 77.265 173.428 172.684c-0.264 95.676-77.753 173.165-173.403 173.428l-0.025 0zM786.944 171.148c-0.145-0.001-0.317-0.002-0.488-0.002-18.254 0-34.743 7.56-46.505 19.719l-0.017 0.018c-12.102 12.102-19.642 29.51-19.642 46.918 0 17.455 6.796 34.863 19.689 47.011 12.102 12.102 29.51 19.642 46.964 19.642 0.145 0.001 0.316 0.002 0.487 0.002 18.231 0 34.701-7.541 46.461-19.674l0.016-0.017c12.102-12.102 19.689-29.51 19.689-46.964 0.001-0.131 0.001-0.286 0.001-0.441 0-18.231-7.541-34.701-19.673-46.461l-0.017-0.016c-11.582-12.173-27.903-19.743-45.992-19.743-0.358 0-0.716 0.003-1.072 0.009l0.054-0.001z"
        ],
        "attrs": [],
        "isMulticolor": false,
        "isMulticolor2": false,
        "grid": 0,
        "tags": [
          "Instagram"
        ],
        "colorPermutations": {
          "2511432912552552551261901321": []
        }
      },
      "attrs": [],
      "properties": {
        "order": 18,
        "id": 4,
        "name": "Instagram",
        "prevSize": 32
      },
      "setIdx": 0,
      "setId": 2,
      "iconIdx": 6
    },
    {
      "icon": {
        "paths": [
          "M242.781 332.8h-229.935v691.2h229.935v-691.2zM997.841 395.916c-48.128-52.457-112.314-79.22-191.441-79.22-28.858 0-55.622 3.258-80.244 10.705-23.505 7.494-43.846 17.129-60.975 29.975-16.012 12.847-29.929 24.623-39.564 36.399-9.588 10.705-18.153 22.435-26.717 36.352v-98.444h-228.864l1.071 33.187c0 22.481 1.071 90.95 1.071 206.522 0 115.526 0 265.309-1.071 451.491h228.864v-385.164c0-23.552 2.141-42.822 7.447-56.692 9.681-23.552 24.669-43.892 43.892-59.951 19.27-16.058 43.846-23.505 73.775-23.505 39.564 0 69.539 13.871 87.692 41.705 19.27 27.834 27.834 66.327 27.834 114.502v369.105h228.864v-395.869c1.071-101.655-22.481-178.688-71.68-231.098zM129.396 0c-38.493 0-69.492 11.776-93.044 34.257-24.576 22.435-36.352 50.269-36.352 84.527 0 34.211 11.776 62.045 35.281 85.597 23.552 22.481 53.527 34.211 91.974 34.211h1.071c39.564 0 70.609-11.729 94.115-34.211 23.552-22.481 35.281-51.386 35.281-85.644 0-34.211-12.8-63.116-35.281-85.551-23.505-21.411-54.551-33.187-93.044-33.187z"
        ],
        "attrs": [],
        "width": 1071,
        "isMulticolor": false,
        "isMulticolor2": false,
        "grid": 0,
        "tags": [
          "Linkidin"
        ],
        "colorPermutations": {
          "2511432912552552551261901321": []
        }
      },
      "attrs": [],
      "properties": {
        "order": 19,
        "id": 3,
        "name": "Linkidin",
        "prevSize": 32
      },
      "setIdx": 0,
      "setId": 2,
      "iconIdx": 7
    },
    {
      "icon": {
        "paths": [
          "M1279.949 121.549c-49.869 20.89-100.966 34.406-150.784 40.499 57.344-33.126 94.72-80.998 115.866-142.387-48.167 27.836-104.132 49.143-163.551 60.821l-3.463 0.567c-52.275-54.016-115.866-81.050-191.898-81.050-72.294 0-134.656 25.805-185.702 76.134-51.098 50.33-77.312 111.718-77.312 182.938 0 19.661 2.56 39.27 6.246 58.931-110.89-4.913-213.963-33.866-305.59-81.734l4.022 1.913c-94.208-48.563-173.742-112.415-238.469-189.163l-0.943-1.147c-22.664 37.146-36.101 82.074-36.147 130.138l-0 0.013c0 44.237 9.984 85.965 31.181 122.778 20.968 37.511 49.526 68.426 83.795 91.512l0.941 0.597c-43.726-1.052-84.391-13.237-119.549-33.813l1.175 0.635v3.686c0 62.618 19.968 116.685 59.802 164.557 39.936 46.643 89.754 77.312 150.835 89.6-22.477 6.144-46.131 8.602-68.608 8.602-14.899 0-31.13-1.229-49.818-3.686 16.23 51.61 47.36 94.566 92.211 127.693 44.902 33.178 96 50.381 153.344 51.61-94.72 73.626-204.442 110.49-325.325 110.49-23.654 0-44.851-1.229-63.539-3.686 122.163 77.312 256.768 115.405 402.586 115.405 93.491 0 180.736-14.746 263.014-43.008 82.227-29.44 152.064-67.482 209.408-116.582 57.131-48.717 106.507-104.048 147.675-165.352l1.829-2.891c38.939-57.141 70.804-123.185 92.16-193.792l1.331-5.12c19.968-68.762 31.181-138.752 31.181-207.514 0-14.694 0-25.754-1.28-33.126 52.535-37.176 96.799-81.962 132.267-133.291l1.16-1.775z"
        ],
        "attrs": [],
        "width": 1280,
        "isMulticolor": false,
        "isMulticolor2": false,
        "grid": 0,
        "tags": [
          "twiter"
        ],
        "colorPermutations": {
          "2511432912552552551261901321": []
        }
      },
      "attrs": [],
      "properties": {
        "order": 20,
        "id": 2,
        "name": "twiter",
        "prevSize": 32
      },
      "setIdx": 0,
      "setId": 2,
      "iconIdx": 8
    },
    {
      "icon": {
        "paths": [
          "M1432.883 391.68c0-28.262-2.458-65.075-7.373-109.261-3.659-44.431-9.75-84.714-18.328-124.068l1.125 6.154c-8.397-39.036-27.983-72.589-55.194-98.107l-0.102-0.094c-28.16-27.034-61.338-41.728-99.43-46.643-117.862-13.517-297.114-19.661-536.576-19.661-239.309 0-418.611 6.144-536.474 19.661-38.042 4.915-71.168 19.61-99.43 46.643-27.313 25.613-46.899 59.166-55.072 96.968l-0.224 1.233c-8.55 34.406-13.466 73.728-18.432 117.914-3.635 44.186-6.093 80.998-7.373 109.261v120.32c0 51.558 0 90.88 1.229 120.32 0 28.262 2.458 65.075 7.373 109.261 2.458 44.237 8.602 83.507 15.974 117.914 8.55 39.27 26.982 71.168 55.245 98.202 28.211 27.034 61.389 41.728 99.43 46.643 117.862 13.517 297.165 19.661 536.576 19.661s418.662-6.144 536.576-19.661c38.042-3.686 71.168-19.61 99.43-46.643 27.294-25.618 46.862-59.171 55.022-96.969l0.223-1.232c8.602-34.406 13.517-73.728 18.432-117.914 3.686-44.186 6.144-80.998 7.373-109.261 0-28.211 1.229-68.762 1.229-120.32s0-90.88-1.229-120.32zM1000.653 555.008l-410.112 256.563c-7.514 5.345-16.869 8.56-26.972 8.602l-0.010 0c-9.001-0.313-17.409-2.547-24.926-6.302l0.35 0.158c-17.152-9.83-26.982-24.576-26.982-45.414v-512c0-20.89 8.602-35.584 27.034-45.414s35.584-8.602 51.558 1.229l410.061 256.614c15.974 8.602 24.576 23.296 24.576 42.957-1.229 19.661-8.602 34.355-24.576 43.008z"
        ],
        "attrs": [],
        "width": 1485,
        "isMulticolor": false,
        "isMulticolor2": false,
        "grid": 0,
        "tags": [
          "Youtube"
        ],
        "colorPermutations": {
          "2511432912552552551261901321": []
        }
      },
      "attrs": [],
      "properties": {
        "order": 21,
        "id": 1,
        "name": "Youtube",
        "prevSize": 32
      },
      "setIdx": 0,
      "setId": 2,
      "iconIdx": 9
    },
    {
      "icon": {
        "paths": [
          "M309.388 335.593v-88.669c0-13.312 0.931-23.831 1.862-30.487 1.062-7.965 4.045-15.080 8.466-21.070l-0.088 0.124c4.655-6.703 11.124-11.497 20.387-14.336 9.309-2.839 22.342-3.817 38.121-3.817h86.388v-177.338h-138.426c-79.919 0-136.564 19.084-170.961 58.182-34.351 39.098-51.991 95.325-51.991 171.613v105.798h-103.145v176.407h103.145v512h206.196v-512h137.542l18.572-176.407h-156.067z"
        ],
        "attrs": [],
        "width": 465,
        "isMulticolor": false,
        "isMulticolor2": false,
        "grid": 0,
        "tags": [
          "facbook"
        ],
        "colorPermutations": {
          "2511432912552552551261901321": []
        }
      },
      "attrs": [],
      "properties": {
        "order": 22,
        "id": 0,
        "name": "facbook",
        "prevSize": 32
      },
      "setIdx": 0,
      "setId": 2,
      "iconIdx": 10
    },
    {
      "icon": {
        "paths": [
          "M1024 608l-192-192v-288h-128v160l-192-192-512 512v32h128v320h320v-192h128v192h320v-320h128z"
        ],
        "tags": [
          "home",
          "house"
        ],
        "defaultCode": 59650,
        "grid": 16,
        "attrs": []
      },
      "attrs": [],
      "properties": {
        "ligatures": "home3, house3",
        "name": "favivon-home",
        "order": 10,
        "id": 3,
        "prevSize": 32
      },
      "setIdx": 1,
      "setId": 1,
      "iconIdx": 2
    }
  ],
  "height": 1024,
  "preferences": {
    "showGlyphs": true,
    "showQuickUse": true,
    "showQuickUse2": true,
    "showSVGs": true,
    "fontPref": {
      "prefix": "icon-",
      "metadata": {
        "fontFamily": "icomoon"
      },
      "metrics": {
        "emSize": 1024,
        "baseline": 6.25,
        "whitespace": 50
      },
      "embed": false
    },
    "imagePref": {
      "prefix": "icon-",
      "png": true,
      "useClassSelector": true,
      "color": 0,
      "bgColor": 16777215,
      "classSelector": ".icon",
      "name": "icomoon"
    },
    "historySize": 50,
    "showCodes": true,
    "gridSize": 16
  }
}